old_url	new_url
https://my.feishu.cn/space/api/box/stream/download/asynccode/?code=M2I3NGI1MzRmMDYyZjE2YmIyNjIwMTEyMzgyNjcyMzRfTGVSQ2R2ek51OFFRdG1ZUk5SdkhYRGxMRXF4bVRiQTdfVG9rZW46Vmd2Q2JiREtpbzNack54WDdjOWN2OXdKbmdOXzE3NzM3OTUzOTI6MTc3Mzc5ODk5Ml9WNA	https://upload.maynor1024.live/file/1773796518484_image_1.bin
https://my.feishu.cn/space/api/box/stream/download/asynccode/?code=MDJlYzk4MzE1MWI5YTc3NGNiY2U0MmRjOTcwNTNkM2ZfWXlya0ljMVgzMWpsSjRSSTI5U3h4M1Zta01IM0RkT0hfVG9rZW46UG5ob2JEWmV0b0dKdkh4Y3ZuVGNzTHlQbjJlXzE3NzM3OTUzOTI6MTc3Mzc5ODk5Ml9WNA	https://upload.maynor1024.live/file/1773796527144_image_2.bin
https://my.feishu.cn/space/api/box/stream/download/asynccode/?code=MDc1MjNlZDI5ZDE4OTkyNWQ5YWNlOTRkZWUyOWYzMjNfUEVZT0VnbjVHNXhHRWFuMnJmWG5ycmRCT1ltY0RKN1ZfVG9rZW46UjJ0amJJZ1NnbzBib294ZmhhR2NUTkJHblhiXzE3NzM3OTUzOTI6MTc3Mzc5ODk5Ml9WNA	https://upload.maynor1024.live/file/1773796529410_image_3.bin
https://my.feishu.cn/space/api/box/stream/download/asynccode/?code=MGE0YzU5ZjljYjgzNWQ4MzZkY2VhYmNlMDYzOWMzZGJfYzRUYjhCTm91MUxJdjZvMXpzQ0lMSlhVcUNnWVZQYzBfVG9rZW46SnRsQmJQdUVDb3k2Q2p4emdFY2NpWHFnbm5kXzE3NzM3OTUzOTI6MTc3Mzc5ODk5Ml9WNA	https://upload.maynor1024.live/file/1773796542584_image_4.bin
https://my.feishu.cn/space/api/box/stream/download/asynccode/?code=MGI4YmVkYWUzYjY3YWI4NWYwNjJjNDE2ZWM4YzUyMjBfdzlxYnY3cW1QV29SRU9KZkxxMEZteFFjYldTcUxsTFpfVG9rZW46TWM2RWJBdDBybzJWZFd4cVVDWGNxZGk5bkd5XzE3NzM3OTUzOTI6MTc3Mzc5ODk5Ml9WNA	https://upload.maynor1024.live/file/1773796547519_image_5.bin
https://my.feishu.cn/space/api/box/stream/download/asynccode/?code=MGM0YmI5YWI3YTc4ODNjN2E1NTA1YTg2N2ZiZGRlMGFfaFFLV1Ywelgyc3M5SHlzWkZFbDY0VGVNRVN4OWJNcGZfVG9rZW46SFlnS2JUcm1Cb1JuUnR4TUNEeWNGbmNNbkpmXzE3NzM3OTUzOTI6MTc3Mzc5ODk5Ml9WNA	https://upload.maynor1024.live/file/1773796550312_image_6.bin
https://my.feishu.cn/space/api/box/stream/download/asynccode/?code=MGMwZjQwMTM3MGRkODAyOGNkYzNjMzkzNDBhNmZkMmZfUm9MN2tmQTRlZ3VuRTlpUnEzc3Ewc2V2MXA5elRncmtfVG9rZW46Vzl4YmIwUzBUb1dQOWt4UGd6SGNkRkhabm9FXzE3NzM3OTUzOTI6MTc3Mzc5ODk5Ml9WNA	https://upload.maynor1024.live/file/1773796549873_image_7.bin
https://my.feishu.cn/space/api/box/stream/download/asynccode/?code=MGNhYzIzMjViNGEyMDhkNmE3MjBlN2ViNTU5YTcyMWRfeTlwWDJFMldqYUVZQTE0aG9hNDJlTFp0Rk9qQlFNdEtfVG9rZW46QnNXdmJCdmVXb1hrQ1l4RFN4eWN3cGdKbnVXXzE3NzM3OTUzOTI6MTc3Mzc5ODk5Ml9WNA	https://upload.maynor1024.live/file/1773796560726_image_8.bin
https://my.feishu.cn/space/api/box/stream/download/asynccode/?code=MTA0YzEzNWNkZWNkZjMwNWU3ZjJhYTYwZDczY2I1YTRfWjZybkd2Sm56U0dFdHJzeVB4dEp0VEtnZXdwNk1oekJfVG9rZW46RzRZbmJVOFhJb2M2b2x4UHRZS2MxV3o0bkZnXzE3NzM3OTUzOTI6MTc3Mzc5ODk5Ml9WNA	https://upload.maynor1024.live/file/1773796563471_image_9.bin
https://my.feishu.cn/space/api/box/stream/download/asynccode/?code=MTBjYzgzM2U4ZTAwN2NiN2FmNjcyZjY2NzQ2M2QzNTlfVGFSdU5XZ1BCMUxtOThURFl0RTZlZFFNd3hZUlBuaVJfVG9rZW46QWZxcmJLYnBmb3dCcFF4V2VFS2M3Q3lJbkFnXzE3NzM3OTUzOTI6MTc3Mzc5ODk5Ml9WNA	https://upload.maynor1024.live/file/1773796566171_image_10.bin
https://my.feishu.cn/space/api/box/stream/download/asynccode/?code=MTQwODUxMzQ3ZDhjZGZhMDk0NjMzNmFmOGM5Yzg0ODFfbW1xSTdLczRhT3FHd3dCNUhjazlmdnVzWkFmZ2tidmJfVG9rZW46WTRpNWJoNU9zbzVudjF4NmRNUGNTTjBTbnA0XzE3NzM3OTUzOTI6MTc3Mzc5ODk5Ml9WNA	https://upload.maynor1024.live/file/1773796575288_image_11.bin
https://my.feishu.cn/space/api/box/stream/download/asynccode/?code=MTlmYmY0OTJmYjA3MTUzNmY5OWIyMDg0ZDBiODY4NmZfU214ZzNGNzk0NGEyTWJ2OGhpQ1g0N3hXdkxtUnlLdjhfVG9rZW46WWMzZGJIZHlSb0ZXQUN4MjJ3Y2NjNmhvbjRmXzE3NzM3OTUzOTI6MTc3Mzc5ODk5Ml9WNA	https://upload.maynor1024.live/file/1773796580802_image_12.bin
https://my.feishu.cn/space/api/box/stream/download/asynccode/?code=MjBiMGUwNzQ2Y2NiYjg1Y2NmYWFlZjU1NTY3MjMwMzZfMHQxMUd3bWpoajQxM1lvRXNmQmhWdDZ0Tm9pS2tWS0VfVG9rZW46V3RkOGJXbUo4b0FPaTh4TXo4aGNoUTNHbnFiXzE3NzM3OTUzOTI6MTc3Mzc5ODk5Ml9WNA	https://upload.maynor1024.live/file/1773796592042_image_13.bin
https://my.feishu.cn/space/api/box/stream/download/asynccode/?code=MjdlNjI1YjA4NGM5NTY5MTgwOTVlN2FjZDRhOGUzOWNfY0ZQNG9DdVJwTGNTN2VpbVBGV25TSkNhRXh6bmNjR0JfVG9rZW46SkhBWWJyRWtGb0t3bEV4ZW9mMmNSQWI2bnFsXzE3NzM3OTUzOTI6MTc3Mzc5ODk5Ml9WNA	https://upload.maynor1024.live/file/1773796595587_image_14.bin
https://my.feishu.cn/space/api/box/stream/download/asynccode/?code=MjllN2JkMTAyNzRlZTM4MTQ5ZmNhOGE2ODQ0MzM0MDlfWFpCMXZGeTlOdXNGcEFjNkJDRHBwVWZCWGhJUkRsQ0VfVG9rZW46QlkxSGJ5UXprb2dpbkZ4QkNlYmNrQXBHbnFiXzE3NzM3OTUzOTI6MTc3Mzc5ODk5Ml9WNA	https://upload.maynor1024.live/file/1773796604495_image_15.bin
https://my.feishu.cn/space/api/box/stream/download/asynccode/?code=MmQ5ODI0Y2ZjM2Q1Y2NiZjQ5M2E0NmQ2ZDJiOTdkOWFfTnlHMHJVYVVzOERCMENTc1pVS21wMmdZWmE0M0t6YU9fVG9rZW46VVZNdWJoSVBkb1ZVeWJ4VURyMGNYRDJVbnpnXzE3NzM3OTUzOTI6MTc3Mzc5ODk5Ml9WNA	https://upload.maynor1024.live/file/1773796613888_image_16.bin
https://my.feishu.cn/space/api/box/stream/download/asynccode/?code=MzM1ZWE5M2RlZDJmNDkwMTk1NzNhOGZiZjUyNjFmY2NfZ2w5dlFSSUMwTXNUS3BWdDZPM1ZYOGtGTlUzN3NGRkhfVG9rZW46UWJGbGJsNmZ1b1lKSDh4amVKVmM2THdTbmxlXzE3NzM3OTUzOTI6MTc3Mzc5ODk5Ml9WNA	https://upload.maynor1024.live/file/1773796611375_image_17.bin
https://my.feishu.cn/space/api/box/stream/download/asynccode/?code=MzRiZWU2MDM1OWY2NDkwYTgyYjc3YjFiOWJjMGUwYTlfUjVmaExiR2dseno3eFNBb0VIeWhIZ0d2Q3dpeG1FU0ZfVG9rZW46TXRkS2JZYXU5b1laN3p4c1l6Y2NSclkzbndjXzE3NzM3OTUzOTI6MTc3Mzc5ODk5Ml9WNA	https://upload.maynor1024.live/file/1773796625125_image_18.bin
https://my.feishu.cn/space/api/box/stream/download/asynccode/?code=MzRjYzdhOTczYWRlYmQ5MjAyNzBjYzUzNjIzMzRmOTJfSFVkUlVrUXRCMEJvWU5OMHNJM0F4RUYxRW5QZ1ZKSWFfVG9rZW46QUZPMGJEME5Db2ZwMHF4Vk1Nd2N0eTNMbkVjXzE3NzM3OTUzOTI6MTc3Mzc5ODk5Ml9WNA	https://upload.maynor1024.live/file/1773796622145_image_19.bin
https://my.feishu.cn/space/api/box/stream/download/asynccode/?code=N2Q3NDA2YWIzODU1ZTA2Y2I0YzYwYWVhMDgyZDQ4NDlfNGdJVHlmaDh1MGZ3d1RDRk5tQUNjZXFMQlFLMDRIUFJfVG9rZW46UVdVWGJPN3dlb1FMTFR4S3paMmNsREgybjRiXzE3NzM3OTUzOTI6MTc3Mzc5ODk5Ml9WNA	https://upload.maynor1024.live/file/1773796633330_image_20.bin
https://my.feishu.cn/space/api/box/stream/download/asynccode/?code=NDU2ODk2YjFlNjU2ZjM4Yzc5MTgxY2Y2YTNlZTU5NjNfOFhXQmQ0cjlwclYxOWdmM0ljUWdGQUl2OGdtQlRHTnZfVG9rZW46TUNGbGJEMXU3b2JqMXh4YXBBUmNBanU4bmtkXzE3NzM3OTUzOTI6MTc3Mzc5ODk5Ml9WNA	https://upload.maynor1024.live/file/1773796639309_image_21.bin
https://my.feishu.cn/space/api/box/stream/download/asynccode/?code=NDczMzFjMDVkM2RiMThlMzFiNzE0NWY5ZTkzZGNiYTdfcFFBVzdnVXh3cTlIVjZRMWpSY0tqemRaajZFcXRIaUNfVG9rZW46RlZSRGI3Y2NPb2JaMmR4YU9FVGNhVUlZbllzXzE3NzM3OTUzOTI6MTc3Mzc5ODk5Ml9WNA	https://upload.maynor1024.live/file/1773796645254_image_22.bin
https://my.feishu.cn/space/api/box/stream/download/asynccode/?code=NDhkZjdhMWVlYjE0NDU0NjU0YTQ0ZjQ2YzE2ODIwYWJfNWhhbGFHQU1WaVh3Nm1GU1pFS0pwdEVsWG9kRGlrNXJfVG9rZW46QlhtT2I3RlhBb3ljazB4RksyNmMwM1hDbm1iXzE3NzM3OTUzOTI6MTc3Mzc5ODk5Ml9WNA	https://upload.maynor1024.live/file/1773796649783_image_23.bin
https://my.feishu.cn/space/api/box/stream/download/asynccode/?code=NDlkMGM2ODZiZjUxMTBiNGYwYTcxMGFiYmE2OWU1MjFfUW8xemdhQVR6RU5VVDFHUVJMV3lkOThCVUxUbTFZR2hfVG9rZW46RXE2cWJWZEk1b2N4RFd4cHFtMWNZaFFIbkZXXzE3NzM3OTUzOTI6MTc3Mzc5ODk5Ml9WNA	https://upload.maynor1024.live/file/1773796646570_image_24.bin
https://my.feishu.cn/space/api/box/stream/download/asynccode/?code=NGNiYjY3ZWMyNzYxMjU3ZWVmYzM1NWVmZTc5YWY3MjZfeFF6QlhManNsOEpRUElkN2dpdWF0bjc1bnF3STlKNGRfVG9rZW46WFRja2J1M1h3bzFZckZ4cE9CbGNBeHRsbnJiXzE3NzM3OTUzOTI6MTc3Mzc5ODk5Ml9WNA	https://upload.maynor1024.live/file/1773796653127_image_25.bin
https://my.feishu.cn/space/api/box/stream/download/asynccode/?code=NTBkMGJjMDFhOTYzYTQ4MGU0Mjk1N2ZmMThmMGNmMmFfOU9pR1JTaWFxWXdRVjg1ZGRjQlFlNzVlNHFqZUJ4WFhfVG9rZW46TjNGOGJFS09lb1lqbml4MVE3Z2N1aU1Kbk9mXzE3NzM3OTUzOTI6MTc3Mzc5ODk5Ml9WNA	https://upload.maynor1024.live/file/1773796664863_image_26.bin
https://my.feishu.cn/space/api/box/stream/download/asynccode/?code=NTExZTlhYWM2ODEyOGI3ODJkMjJlYjQxZjIwNjY1MTVfaWxUamR6dDlHaUNNUHJZTVBHZTRyTndCMTdueVFualFfVG9rZW46QlFYdmJ6OG5yb0NodXl4UmRsUGMyWTJobkllXzE3NzM3OTUzOTI6MTc3Mzc5ODk5Ml9WNA	https://upload.maynor1024.live/file/1773796667880_image_27.bin
https://my.feishu.cn/space/api/box/stream/download/asynccode/?code=NTI2MTc5ZTZhOGJhM2RiOWFlOWJmYzY5OGI4OWJlNjlfeGZHSHZRbnFtUmZBWHRUYVN2encxNVNVT1BWaElrZjVfVG9rZW46QXdXZGJ2emZob2RRMzN4cFlMMWNCZWdobmxVXzE3NzM3OTUzOTI6MTc3Mzc5ODk5Ml9WNA	https://upload.maynor1024.live/file/1773796676348_image_28.bin
https://my.feishu.cn/space/api/box/stream/download/asynccode/?code=NTUzMjBiNzBhYTVkMGNkNGRiZDRhZjg3OWVhMDI2Y2JfQ0w4TWlCa3o2TW9YR3JjUktxM3liVWpZMGt6OEFWV0NfVG9rZW46WGVWSGJwODZhb0NBM0V4cDM1dGMxYjAybm5kXzE3NzM3OTUzOTI6MTc3Mzc5ODk5Ml9WNA	https://upload.maynor1024.live/file/1773796680324_image_29.bin
https://my.feishu.cn/space/api/box/stream/download/asynccode/?code=NTcyMjg3NmM2MzU4YTU2ZDM4YTFiNWZiZGU5ZjQyYzVfcTRIZWNtSEg5OVgxZndraVdUWkE4NjQ5Um9OTUZOMlNfVG9rZW46SVNCRWJCdW5ub2pRem14dVdaUmNVa2F0blpkXzE3NzM3OTUzOTI6MTc3Mzc5ODk5Ml9WNA	https://upload.maynor1024.live/file/1773796681475_image_30.bin
https://my.feishu.cn/space/api/box/stream/download/asynccode/?code=NTgxZmQ1MTJlODI5MWUyM2RmYzIxOTJlODZhMzgwMWJfT1JpZFJiWDZORjU5a2lHQ05sdkVvbXB2eHZhSmsxZTFfVG9rZW46VE5ZUWJ3RUdUb1JoS2R4SkgwQ2N3RENMblRoXzE3NzM3OTUzOTI6MTc3Mzc5ODk5Ml9WNA	https://upload.maynor1024.live/file/1773796703775_image_31.bin
https://my.feishu.cn/space/api/box/stream/download/asynccode/?code=NWNiMGFhNjIzZGFmMzliZTBkZmYwNjgyZWJkMTQ4NTlfVFB3em5nTHpZTXAySGlKak1CdEpONFJ6cTIySjdHeGVfVG9rZW46Q2pqSmI1NjF0b01lb3B4eXg2RGNHdmtMbkNnXzE3NzM3OTUzOTI6MTc3Mzc5ODk5Ml9WNA	https://upload.maynor1024.live/file/1773796705994_image_32.bin
https://my.feishu.cn/space/api/box/stream/download/asynccode/?code=NjgwODQ1OTUzOWIwNjg2NWY1ZDY2ZTAwMWY0ZDgxYTFfczkzVVpKMTlYckY3OXlYWVJGU3hkWlhudEFsQWRRbHRfVG9rZW46SndOSWI5NXZFb2Y1U0J4am9vcGNjU0NjbkxkXzE3NzM3OTUzOTI6MTc3Mzc5ODk5Ml9WNA	https://upload.maynor1024.live/file/1773796708028_image_33.bin
https://my.feishu.cn/space/api/box/stream/download/asynccode/?code=NmYxOWQxM2U2NmI5Yzg2OWMwOWRjZjA2MzAwMDhjMmJfUkhyNm1qTm1LSHh0RFloVmNWaG1ITkp5cTNjSWxraDhfVG9rZW46R21lRmJiRUNUb2lnam54RWpwaWNBeTJKbkdpXzE3NzM3OTUzOTI6MTc3Mzc5ODk5Ml9WNA	https://upload.maynor1024.live/file/1773796719694_image_34.bin
https://my.feishu.cn/space/api/box/stream/download/asynccode/?code=NmZjMTJlYjhmY2IyMGJmMzI0MDgxNDYzNDQ2ZmI3MWVfdUd3OGU3NlZrZnlJQ3NBb01oNjlLU0lZb3ViSXVmb1NfVG9rZW46R21pNmJTd1E5b1R0TDh4bDhTRmM5WjFwbmNoXzE3NzM3OTUzOTI6MTc3Mzc5ODk5Ml9WNA	https://upload.maynor1024.live/file/1773796720606_image_35.bin
https://my.feishu.cn/space/api/box/stream/download/asynccode/?code=NzA2Y2Q5ZGZkYzk4NDEyYzA0MzlhNzhlZWY2YjliZTVfQmNwSTZINmtNQjBBTnFDbFNGRTRhOGd4d08xT2hVWU9fVG9rZW46VjlURmJjWWN4b0lidWh4T1VFU2NDcEJZbkFCXzE3NzM3OTUzOTI6MTc3Mzc5ODk5Ml9WNA	https://upload.maynor1024.live/file/1773796729719_image_36.bin
https://my.feishu.cn/space/api/box/stream/download/asynccode/?code=NzAxNzA2NjAwZTU2NmFhNDZmMjk2MmM3MDc1Yjk0NmZfeDRVMjMyRDdCaWpiaXFUbk1wWDJ0alZ5Q2c2ZWNJRFpfVG9rZW46WVFIUWIxOUdsb1BFd2l4YUppM2M3ZzFNbmtiXzE3NzM3OTUzOTI6MTc3Mzc5ODk5Ml9WNA	https://upload.maynor1024.live/file/1773796735712_image_37.bin
https://my.feishu.cn/space/api/box/stream/download/asynccode/?code=NzY1Nzk3Y2EzOTZiNjFkYjEyZmM5ZmUwYWU5ZTA3OGFfU3RmbkhoalE1bWtCU3g0VU9rcUFhTzR1d0lFSXQ2ZXRfVG9rZW46RkhBU2JxMFdzb3lzRlZ4ZEZvUWNSTUI1bkhkXzE3NzM3OTUzOTI6MTc3Mzc5ODk5Ml9WNA	https://upload.maynor1024.live/file/1773796738256_image_38.bin
https://my.feishu.cn/space/api/box/stream/download/asynccode/?code=NzcxOGM1ODllODI4YjBkYjE3ZTFjZTkwODI3YTk5ZjlfWmZkaEtqNHo5MzdCdXFzY2lFZU5QOUZYZVJBUlJ5endfVG9rZW46UmFwNmJOdldSb3pHaHh4R0d6a2NLTkNRbnVjXzE3NzM3OTUzOTI6MTc3Mzc5ODk5Ml9WNA	https://upload.maynor1024.live/file/1773796744626_image_39.bin
https://my.feishu.cn/space/api/box/stream/download/asynccode/?code=ODAzMjI0ZWY4NWRiMmFiZTUyZDgxMTNkYmVhYzVkMjdfa1RJOWlMalRsV1NTbnZ2RHdBekZOSGhUeGo2WHlmOUNfVG9rZW46VFFwVGJUelBCb3FuMHh4NGg5R2Nub2JwbkllXzE3NzM3OTUzOTI6MTc3Mzc5ODk5Ml9WNA	https://upload.maynor1024.live/file/1773796756206_image_40.bin
https://my.feishu.cn/space/api/box/stream/download/asynccode/?code=OGY5YTkyMzZmMmM3ZDhkMTQ1NjRlYTZjOWYyZDVkNTVfQWpZUk1uWHk3ank2b09HQW1XclljZGEyR1pYYTBCM1BfVG9rZW46RFZ1NmJwZDNjb25wWEV4TjBQamNqTmp1bmJmXzE3NzM3OTUzOTI6MTc3Mzc5ODk5Ml9WNA	https://upload.maynor1024.live/file/1773796758122_image_41.bin
https://my.feishu.cn/space/api/box/stream/download/asynccode/?code=OTBiMGJjZjhkZjVlZjBkNWU0NDkwYTI4YTljMDhjZWZfdmxVN3F0eG9qeWVheFRHMmFOQmtTZWxBZnB5djZ5b0FfVG9rZW46Q1BGdGJJcUw3b2RHSHV4MDY5S2NENXI3bmZjXzE3NzM3OTUzOTI6MTc3Mzc5ODk5Ml9WNA	https://upload.maynor1024.live/file/1773796757221_image_42.bin
https://my.feishu.cn/space/api/box/stream/download/asynccode/?code=OTVhZGY2MTIxNGZmYmVhODNkYjA5NDIwYzIwYjVkYzVfcTdYSDBiVlBoTXU2cXJEc04yWWV1OU42UUxVREpTN0NfVG9rZW46WjNXRWJnSG1Kb1prb2N4YmFjV2NRemoxblBiXzE3NzM3OTUzOTI6MTc3Mzc5ODk5Ml9WNA	https://upload.maynor1024.live/file/1773796760632_image_43.bin
https://my.feishu.cn/space/api/box/stream/download/asynccode/?code=OTdjMzBlMDMwNjcyNzFkMDVhZWI2M2U3OWZmMjA4ZjRfeW5PbW5qSEFOWmFaUFNxc3NhOEU4b1BEcnlxdjQ2SEtfVG9rZW46SjJnWmJuRU9Tb25ENEN4ZDlIV2NNcGtqbnRmXzE3NzM3OTUzOTI6MTc3Mzc5ODk5Ml9WNA	https://upload.maynor1024.live/file/1773796774592_image_44.bin
https://my.feishu.cn/space/api/box/stream/download/asynccode/?code=OTg5OWYzMjU4YmFiYTEwMzViZDY4YTEyZTI5Y2NhZjlfMTFicWQ3V01oNkZiRjgwbDNRNVdncTRVWHhjZmNuNXlfVG9rZW46Rzh0MGJuWTB2b2dmOXZ4S2xOdmNCcUdrbjZjXzE3NzM3OTUzOTI6MTc3Mzc5ODk5Ml9WNA	https://upload.maynor1024.live/file/1773796780059_image_45.bin
https://my.feishu.cn/space/api/box/stream/download/asynccode/?code=OWVjMGNiMzkyN2M5MWQ4NDUyOGU2OWE1MjQ5NTQwNzVfOU52N3NKMHNzSTdZdjE2d3FBNUNTSnpYZG1kMUhHS1FfVG9rZW46QVZWVmI2SUxCb2FsRVl4NDZQbGM0UVBDbmVjXzE3NzM3OTUzOTI6MTc3Mzc5ODk5Ml9WNA	https://upload.maynor1024.live/file/1773796782224_image_46.bin
https://my.feishu.cn/space/api/box/stream/download/asynccode/?code=OWZhYjZiMDlkOTllNTliMTQ1MWUzMDI5ZmM1ODZmNTlfZWJvcEdHR2JmVk50NlBJc0o0eURSZThZTFhKRHVNd3FfVG9rZW46THltcmJZS3Zkb0tEZDN4TDB6bGNVcE9ybldoXzE3NzM3OTUzOTI6MTc3Mzc5ODk5Ml9WNA	https://upload.maynor1024.live/file/1773796786174_image_47.bin
https://my.feishu.cn/space/api/box/stream/download/asynccode/?code=Y2M1YmYzZGM1MjFhNDQwNGFlNDg2NmM3MmMwMjc0MTlfUEpzdUppUFduUW9EOVc2d2w4dlR6MThmeXhUeGlzNlVfVG9rZW46RFd3eWIyUGh3b1dHMWR4b2RQZWNBaGFqbjZiXzE3NzM3OTUzOTI6MTc3Mzc5ODk5Ml9WNA	https://upload.maynor1024.live/file/1773796800514_image_48.bin
https://my.feishu.cn/space/api/box/stream/download/asynccode/?code=YTA1Yzg0NmFkYTBjZmExODg2MWM4MDM0NjYyMzI5NGRfOVFHQWpZNk1iUlRNVXZCeVZVY3M5aU1zaTRURnJEdTRfVG9rZW46Tjg5R2JZdllTb09mTEJ4WlY0dGMzaXBRbjB6XzE3NzM3OTUzOTI6MTc3Mzc5ODk5Ml9WNA	https://upload.maynor1024.live/file/1773796799882_image_49.bin
https://my.feishu.cn/space/api/box/stream/download/asynccode/?code=YTAxNWYwYWFlNjI4MzRmOGZiNjQ4YWY2MDJkYzlhODBfNXI5aHNEWmNMRnpsazZiNFlXTVg4OEY1bGV4S0ZseXlfVG9rZW46UkVHaGIzVHVPbzRkdWt4Slo4OWN1ekl4bjJlXzE3NzM3OTUzOTI6MTc3Mzc5ODk5Ml9WNA	https://upload.maynor1024.live/file/1773796802721_image_50.bin
https://my.feishu.cn/space/api/box/stream/download/asynccode/?code=YTI0NDJmZjRiYzA1N2FmYjNiNWUxNDA5ZDVmYjQ4NjBfaHZhVW50dk9RV1liOFhFc0Z5R09rN1R5dUs4UFNBWVpfVG9rZW46WlJCTmJwOWJtbzBoR094eVpieGNxa3pwbk9lXzE3NzM3OTUzOTI6MTc3Mzc5ODk5Ml9WNA	https://upload.maynor1024.live/file/1773796815565_image_51.bin
https://my.feishu.cn/space/api/box/stream/download/asynccode/?code=YWMwNTFiOTRlMzFkMjU2YmFlZDA5ZTIzYjZjMjVmNDhfN1drbEhTb01GZXhRVG51bTNrRVVLNlJYbHc2WEdXQ3FfVG9rZW46UWFDc2JJUDhEb2IwNVZ4VW16VGNLY2k4bjFnXzE3NzM3OTUzOTI6MTc3Mzc5ODk5Ml9WNA	https://upload.maynor1024.live/file/1773796815998_image_52.bin
https://my.feishu.cn/space/api/box/stream/download/asynccode/?code=YjBmMzMyMDE2OTdjZDVjMjc0NmU4ZTZlMWZkMmM0MzdfdnZzMEpMSlYwRXpyUXl2VW9GSkdMeHlmNnhJQVlTeDhfVG9rZW46UVo1VWJmeVNOb3NnWGV4QnhyZWNlVXdnbmt3XzE3NzM3OTUzOTI6MTc3Mzc5ODk5Ml9WNA	https://upload.maynor1024.live/file/1773796820945_image_53.bin
https://my.feishu.cn/space/api/box/stream/download/asynccode/?code=YjFkM2Y3MTJiNTQ3OGQ1MzRjMDNlZTAyOTc5M2NlNWVfTVA5UG5vNTNPNmZua2VpY1NWYTAxZFhIWG02dmdJZTZfVG9rZW46UzBWYWJrOWt2b1dEYkh4UmYwb2NZNTJabkRkXzE3NzM3OTUzOTI6MTc3Mzc5ODk5Ml9WNA	https://upload.maynor1024.live/file/1773796826079_image_54.bin
https://my.feishu.cn/space/api/box/stream/download/asynccode/?code=YjYzOWM0YWQ3OWM0YzZjNDFlYTNkMmEyNmZlNWJmMGVfMXdJeHM0dHp5TXU1VDEwc3QxcWR2VU02eXhvQkdWRkFfVG9rZW46RW5EZ2I3SW80bzZWMXJ4MlYzT2NPOHJGbmdjXzE3NzM3OTUzOTI6MTc3Mzc5ODk5Ml9WNA	https://upload.maynor1024.live/file/1773796828676_image_55.bin
https://my.feishu.cn/space/api/box/stream/download/asynccode/?code=Yjk5ZWRhMjFjMGNmODdlMjZiODU0ODlhNmRkNjAxMmNfRE1NbDhtZHdIYk5tMzc1VklGMzFKQ3RtaldFa3E3dGxfVG9rZW46UkY0M2JMSXFMb3ZXQlJ4Z0ROZ2NWeklPbjdiXzE3NzM3OTUzOTI6MTc3Mzc5ODk5Ml9WNA	https://upload.maynor1024.live/file/1773796833993_image_56.bin
https://my.feishu.cn/space/api/box/stream/download/asynccode/?code=YmUzZTUzMjM3NDkzNjVlNmVhNWEwYTg2YzQ2OTMzYjhfdE1oTWdNTnowT3hpZkNuR0F3cU4yTzdHbkdaV3dyR0dfVG9rZW46Rk9TUmJXd1lZb1RyeVp4ZWR3WGNyUnR2bkFnXzE3NzM3OTUzOTI6MTc3Mzc5ODk5Ml9WNA	https://upload.maynor1024.live/file/1773796843308_image_57.bin
https://my.feishu.cn/space/api/box/stream/download/asynccode/?code=YzAxMjhkZDBjMjJmZTQ2NjMzZTE2ZGM2YmNkMTgxMDVfODNWQ0tNVlI4NGp3bFRiY1FHV3ZucldOaXVUMjZYU2tfVG9rZW46V2ZPcmI3aVQ3bzFZM1F4UnlQVGN0SWd0bkFkXzE3NzM3OTUzOTI6MTc3Mzc5ODk5Ml9WNA	https://upload.maynor1024.live/file/1773796851908_image_58.bin
https://my.feishu.cn/space/api/box/stream/download/asynccode/?code=YzIwMzQyYzY2OGFjYzRkNWE2ZWEyODkzMGU3MGUxMGVfU29wMTZVMWNWZVU0em1KNUxyWnN6T0NSOXZZWFlOa1NfVG9rZW46QVhBemJ6SmtZb3cwdVF4dkF4SWNRclQ2bjFkXzE3NzM3OTUzOTI6MTc3Mzc5ODk5Ml9WNA	https://upload.maynor1024.live/file/1773796851812_image_59.bin
https://my.feishu.cn/space/api/box/stream/download/asynccode/?code=YzQ2NzdjYjNlN2U5N2JkODUwNzBmOGE4NGM5M2VmYjRfZW1iMUQ4N3pzbm1uOE5YcXlkUEpnVjJXV3Z6aEpkQWFfVG9rZW46QjRlS2JyVEtWb3EwT1N4TkRaemNGV09RbndjXzE3NzM3OTUzOTI6MTc3Mzc5ODk5Ml9WNA	https://upload.maynor1024.live/file/1773796858089_image_60.bin
https://my.feishu.cn/space/api/box/stream/download/asynccode/?code=YzcyNTk2NmQ5MjZhYWZiOTJmZWI3OTdmMmI4OWE5OGRfalpZb1RXdFBza29wSUxCUlpwdW9rdDVOdDd4ZG03NXVfVG9rZW46REY5bGJPdTIxb1FEZ3V4djdPb2NUamRVbjdnXzE3NzM3OTUzOTI6MTc3Mzc5ODk5Ml9WNA	https://upload.maynor1024.live/file/1773796864723_image_61.bin
https://my.feishu.cn/space/api/box/stream/download/asynccode/?code=ZDAwNjdkN2UxOTM1NmFmNzZiZThhZmQzYjcxNWNmZDhfajc0SnNOSVQ2QWlqNVQxVVRVa2xlZTlpUVM4R3daTW9fVG9rZW46TGx4bGJsNGR3b0ZtVUR4NVV4UmN1VFZibnZnXzE3NzM3OTUzOTI6MTc3Mzc5ODk5Ml9WNA	https://upload.maynor1024.live/file/1773796872035_image_62.bin
https://my.feishu.cn/space/api/box/stream/download/asynccode/?code=ZDY3NTY0NjI0OWZkYWYyMTA5MzE1ZTZjZmVmY2JhNzJfNm9MWlkzSnAydWhwOEozNENpbDk1SjlzczdZU21pU3VfVG9rZW46S1haWWJwcFFob3ZLRjh4cENiSGNkbzhkbm1EXzE3NzM3OTUzOTI6MTc3Mzc5ODk5Ml9WNA	https://upload.maynor1024.live/file/1773796887734_image_63.bin
https://my.feishu.cn/space/api/box/stream/download/asynccode/?code=ZDdjOWE4ZjdiNWZmYTdmZTFmNzAyZjgwMzlmM2Q3ZDVfRmNlVmlBc0lNMzRQTUJUc0RrT1lGYXF0amR0bTBmSzhfVG9rZW46TFpKdmJDYkVkb2lqZGt4SGlUVmN1eXJkbmpkXzE3NzM3OTUzOTI6MTc3Mzc5ODk5Ml9WNA	https://upload.maynor1024.live/file/1773796892476_image_64.bin
https://my.feishu.cn/space/api/box/stream/download/asynccode/?code=ZGM3NmE4ZTczZDUwYjhiNGFhOGEwNzU3N2Q3YjVkYTFfTjJWWmo1b2FUbkMyaWI0VTRKMEtIMzNEZ0FSWHo4QjNfVG9rZW46VU9aYmJ0NTYwb09iek54RlZ2SmNjT2J2bk9oXzE3NzM3OTUzOTI6MTc3Mzc5ODk5Ml9WNA	https://upload.maynor1024.live/file/1773796898119_image_65.bin
https://my.feishu.cn/space/api/box/stream/download/asynccode/?code=ZGQ1NDE3ZjRkYmY4MmUyN2Y3OWVhNWRmYmI3NDFkNDRfcUxZV3FJa3dLNlZvRmVuVjF5djdrZk5rb0FHU1IxcEdfVG9rZW46Q09BTmJta3JCb3VsUUN4S2dYeWNEeEY3bkhnXzE3NzM3OTUzOTI6MTc3Mzc5ODk5Ml9WNA	https://upload.maynor1024.live/file/1773796904961_image_66.bin
https://my.feishu.cn/space/api/box/stream/download/asynccode/?code=ZTQ1YjhkMmMwYmY5OWJhYTc1MDcxZTBjMjljOTlkZjhfNFJtcjE5YWFwMjQxUVdvUWhJSkVUd0Nobnl4VEJJWklfVG9rZW46RDN5dWJvWHh3b0JnYWd4TXV4aGM1YVlqbkxoXzE3NzM3OTUzOTI6MTc3Mzc5ODk5Ml9WNA	https://upload.maynor1024.live/file/1773796906426_image_67.bin
https://my.feishu.cn/space/api/box/stream/download/asynccode/?code=ZThhOWZmMTU1NjJmMGE3MTA5NjFhZDE2ZDRkNWQ1ZTlfbWZtTjRiOXg5b09wZm5EWE1zdWpBUEh5SlJqY3N4TzFfVG9rZW46VTRQMGJFS3lkb2lZRzh4N1NHV2NWTVJVbmRoXzE3NzM3OTUzOTI6MTc3Mzc5ODk5Ml9WNA	https://upload.maynor1024.live/file/1773796917078_image_68.bin
https://my.feishu.cn/space/api/box/stream/download/asynccode/?code=ZjEyZDQ0MzljNDU5N2Y0ZTQzMTA1MDYxNzBmYmE2YWVfak1sMVBRUnY0ZUVvRndXcFp0WjNKQ3NuSHAzTWxQeDhfVG9rZW46SWhzUGJqMmo5b3Z2ZGd4U3J3UmNzVElmbm1mXzE3NzM3OTUzOTI6MTc3Mzc5ODk5Ml9WNA	https://upload.maynor1024.live/file/1773796915237_image_69.bin
https://my.feishu.cn/space/api/box/stream/download/asynccode/?code=ZjU5OTM1MzdkMjVkYjg1M2MxNTdhY2FjODBkYzQ2MmVfZUgxbldJSE5CVTdQOUw5NDV6VGx4eGE4eUtiZTNmV2pfVG9rZW46Tk5zemJuMXZ2b3pqRUh4UWhiZmN4cHZ1bkt1XzE3NzM3OTUzOTI6MTc3Mzc5ODk5Ml9WNA	https://upload.maynor1024.live/file/1773796919463_image_70.bin
https://my.feishu.cn/space/api/box/stream/download/asynccode/?code=ZmM3Zjg5Zjk5ZmI5MDY3NTBiNDExMjQwMWExZTdhNGNfWVA1YWtpaTdIdnJLb2E5czdSOHNNVmdkbGg2NnlpY1JfVG9rZW46WkxXR2JtbmNXb3lHa3N4N0lva2M2aTJubjZjXzE3NzM3OTUzOTI6MTc3Mzc5ODk5Ml9WNA	https://upload.maynor1024.live/file/1773796924964_image_71.bin
https://my.feishu.cn/space/api/box/stream/download/asynccode/?code=ZmQwM2ViYmQ4NDViYmU3MzE0MDc2ZjhiN2IxZjEyN2VfcTR5UXgyN1VIUlJqVmVCekw5Z1NMU2xodG85RWVocG5fVG9rZW46QUtvR2JoM1ZNb25PUnR4TE1zUmM5R05CbmhmXzE3NzM3OTUzOTI6MTc3Mzc5ODk5Ml9WNA	https://upload.maynor1024.live/file/1773796939834_image_72.bin
